Site,Peptide_[-6:4],ANN,PSSM,SVM,Consensus,pSer/Thr
13,QPLALPsGLLE,0.054,-0.348,-1.508,-0.6,-
28,LGAPRDsLRGP,0.301,-0.118,-0.326,-0.048,-
43,QRKGVKsLSSL,0.309,0.29,-0.125,0.158,-
45,KGVKSLsSLDP,0.21,0.069,-0.664,-0.129,-
46,GVKSLSsLDPE,0.203,-0.086,-0.704,-0.196,-
53,LDPEVLsVFVP,0.03,-0.284,-1.648,-0.634,-
61,FVPPFVsKEDG,0.259,-0.026,-0.688,-0.152,-
67,SKEDGQtTGAS,0.217,-0.003,-0.734,-0.173,-
68,KEDGQTtGASC,0.029,-0.38,-1.991,-0.781,-
71,GQTTGAsCVLL,0.178,0.079,-0.776,-0.173,-
76,ASCVLLsKPRR,0.255,0.178,-0.757,-0.108,-
82,SKPRRRsLRKK,0.748,0.903,0.428,0.693,-
107,GPREPDsEDIS,0.305,0.113,-0.722,-0.101,-
111,PDSEDIsIPNG,0.287,0.298,-0.515,0.023,-
134,GGVCVAsEPKE,0.705,0.519,-0.019,0.402,-
147,VHFLVLtDVCG,0.122,-0.033,-1.494,-0.468,-
154,DVCGNRtYGVV,0.189,-0.025,-1.155,-0.33,-
176,CFYNGKsHWEP,0.272,0.029,-0.275,0.008,-
184,WEPCRLsAAGC,0.11,-0.188,-1.41,-0.496,-
198,FAVCVVsRFPY,0.342,-0.102,-0.863,-0.208,-
204,SRFPYYtALKD,0.153,0.194,-0.915,-0.189,-
211,ALKDCLsCLLT,0.262,0.071,-0.758,-0.142,-
215,CLSCLLtHLKL,0.166,-0.037,-0.973,-0.281,-
237,DFAAKLsLIPS,0.137,-0.142,-0.705,-0.237,-
241,KLSLIPsPPPG,0.333,0.09,-0.396,0.009,-
263,INIDNGsITYS,0.1,-0.299,-1.313,-0.504,-
265,IDNGSItYSSD,0.109,-0.072,-0.849,-0.271,-
267,NGSITYsSDDG,0.214,0.109,-0.465,-0.047,-
268,GSITYSsDDGI,0.317,-0.018,-0.627,-0.109,-
284,PLLAAQtFMQR,0.64,0.208,0.211,0.353,-
291,FMQRVQsLQLH,0.738,1.104,0.559,0.8,-
305,DLAHLGsITDL,0.26,-0.058,-0.744,-0.181,-
307,AHLGSItDLNE,0.269,0.135,-0.951,-0.182,-
322,RRAWQQtLNRQ,0.448,0.21,-0.199,0.153,-
331,RQIQQMtLQLL,0.435,0.31,-0.022,0.241,-
337,TLQLLVsIFRE,0.275,-0.097,-0.832,-0.218,-
355,EHRVFNsEEFL,0.203,0.224,-1.02,-0.198,-
361,SEEFLKtRAPG,0.1,-0.289,-1.366,-0.518,-
376,YKQVLEtYMFH,0.06,-0.257,-1.626,-0.608,-
381,ETYMFHsFLKA,0.189,-0.017,-0.868,-0.232,-
388,FLKARLsRRLD,0.516,0.155,-0.166,0.168,-
400,FAQMDLsTQSE,0.082,-0.167,-1.256,-0.447,-
401,AQMDLStQSEE,0.043,-0.298,-1.807,-0.687,-
403,MDLSTQsEEDR,0.186,0.077,-0.596,-0.111,-
414,INGMLLsPRRP,0.022,-0.78,-2.002,-0.92,-
419,LSPRRPtIEKM,0.401,0.707,0.047,0.385,-
425,TIEKMAsRKAS,0.333,-0.031,-0.499,-0.066,-
429,MASRKAsASHT,0.379,0.697,-0.169,0.302,-
431,SRKASAsHTTH,0.489,0.239,-0.4,0.109,-
433,KASASHtTHRR,0.43,0.106,-0.495,0.014,-
434,ASASHTtHRRM,0.223,-0.28,-0.887,-0.315,-
441,HRRMVVsMPNL,0.888,1.148,0.79,0.942,-
458,ELPPRNsSLRK,0.212,-0.057,-1.016,-0.287,-
459,LPPRNSsLRKV,0.493,0.675,-0.015,0.384,-
465,SLRKVDtGDCR,0.569,0.267,-0.275,0.187,-
470,DTGDCRsSSTV,0.128,-0.202,-1.751,-0.608,-
471,TGDCRSsSTVL,0.204,-0.028,-0.939,-0.254,-
472,GDCRSSsTVLN,0.629,0.969,0.259,0.619,-
473,DCRSSStVLNV,0.479,0.371,-0.721,0.043,-
478,STVLNVsPTTT,0.104,-0.498,-1.442,-0.612,-
480,VLNVSPtTTYT,0.246,0.019,-0.757,-0.164,-
481,LNVSPTtTYTF,0.054,-0.337,-1.196,-0.493,-
482,NVSPTTtYTFK,0.058,-0.271,-1.281,-0.498,-
484,SPTTTYtFKLP,0.082,-0.036,-0.99,-0.315,-
508,YYCDCVsLLSK,0.468,0.047,-0.406,0.037,-
511,DCVSLLsKAMS,0.062,-0.307,-1.753,-0.666,-
515,LLSKAMsFLAP,0.615,0.347,0.217,0.393,-
521,SFLAPEsSVLL,0.078,-0.22,-1.214,-0.452,-
522,FLAPESsVLLA,0.144,-0.044,-0.877,-0.259,-
551,ALLDFQsLYKT,0.334,0.054,-0.531,-0.048,-
555,FQSLYKtDVRI,0.404,0.093,-0.384,0.038,-
568,ADLVKRtVDSM,0.038,-0.272,-1.588,-0.607,-
571,VKRTVDsMSAP,0.349,0.193,-0.681,-0.046,-
573,RTVDSMsAPER,0.888,0.916,0.611,0.805,-
583,RAQAEQtPELR,0.095,-0.324,-1.31,-0.513,-
591,ELRRLIsEVMD,0.829,1.17,0.838,0.946,-
629,VKRVQEsGIVK,0.191,0.089,-0.788,-0.169,-
637,IVKDIGtIHRL,0.186,-0.128,-0.826,-0.256,-
646,RLFEALtVGHQ,0.243,0.085,-0.624,-0.099,-
657,KQIDPEtFRDF,0.177,-0.134,-0.832,-0.263,-
663,TFRDFYtCWKE,0.464,0.341,-0.383,0.141,-
668,YTCWKEtEAEA,0.202,-0.152,-0.951,-0.3,-
680,EVVLPPsVMEH,0.063,-0.275,-1.379,-0.53,-
695,ECVYKLsSSVK,0.045,-0.193,-1.488,-0.545,-
696,CVYKLSsSVKT,0.071,-0.179,-1.243,-0.45,-
697,VYKLSSsVKTN,0.327,0.149,-0.366,0.037,-
700,LSSSVKtNRGV,0.174,-0.284,-1.055,-0.388,-
710,VGKIAMtQKRL,0.313,0.061,-0.592,-0.073,-
718,KRLFLLtEGRP,0.159,0.074,-1.011,-0.26,-
728,PGYVEIsTFRN,0.141,-0.171,-1.144,-0.391,-
729,GYVEIStFRNI,0.287,0.074,-0.556,-0.065,-
738,NIEEVRsTTVA,0.155,-0.045,-1.124,-0.338,-
739,IEEVRStTVAF,0.154,0.002,-0.815,-0.219,-
740,EEVRSTtVAFL,0.541,0.951,0.331,0.608,-
750,LVLRIPtLKIK,0.658,0.801,0.744,0.734,-
757,LKIKMVsKKEV,0.617,0.064,-0.155,0.175,-
768,FEANLKtECDL,0.266,0.114,-0.398,-0.006,-
801,YVQQALtHVLL,0.23,0.138,-0.456,-0.03,-
812,MDAVVGtLQSP,0.078,-0.162,-1.113,-0.399,-
815,VVGTLQsPGAI,0.1,-0.26,-1.01,-0.39,-
823,GAIYAAsKLSY,0.267,0.082,-0.751,-0.134,-
826,YAASKLsYFDK,0.083,-0.261,-1.066,-0.415,-
842,PMAVPKtTAET,0.104,-0.062,-0.777,-0.245,-
843,MAVPKTtAETL,0.119,-0.064,-1.061,-0.335,-
846,PKTTAEtLKHK,0.498,0.048,-0.104,0.147,-
854,KHKINPsAGEI,0.405,0.074,-0.568,-0.03,-
869,VDVLLYtPGHL,0.038,-0.399,-1.424,-0.595,-
896,LNEGKVtVFDA,0.245,-0.128,-0.395,-0.093,-
901,VTVFDAsSWTI,0.33,-0.033,-0.746,-0.15,-
902,TVFDASsWTIY,0.253,0.071,-0.896,-0.191,-
904,FDASSWtIYQH,0.153,-0.105,-0.768,-0.24,-
914,HCFKVGtSKLN,0.248,0.035,-0.903,-0.207,-
915,CFKVGTsKLNC,0.101,-0.1,-1.059,-0.353,-
932,NQVWVGsEDSV,0.124,-0.093,-1.088,-0.352,-
935,WVGSEDsVIYI,0.087,-0.234,-1.204,-0.45,-
944,YIINIHsMSCN,0.18,0.307,-0.641,-0.051,-
946,INIHSMsCNKQ,0.392,0.262,-0.163,0.164,-
952,SCNKQLtDHRS,0.153,-0.111,-1.6,-0.519,-
956,QLTDHRsSVTD,0.272,0.057,-0.786,-0.152,-
957,LTDHRSsVTDL,0.338,0.066,-0.54,-0.045,-
959,DHRSSVtDLVV,0.662,0.397,-0.582,0.159,-
966,DLVVQDtAEAP,0.123,-0.04,-1.355,-0.424,-
975,APREVYsCSVD,0.235,0.255,-0.703,-0.071,-
977,REVYSCsVDGT,0.489,0.215,-0.193,0.17,-
981,SCSVDGtVLAW,0.079,-0.156,-1.573,-0.55,-
988,VLAWNVsTLRV,0.402,-0.113,-0.654,-0.121,-
989,LAWNVStLRVT,0.117,-0.046,-0.736,-0.222,-
993,VSTLRVtSRFQ,0.234,-0.188,-0.882,-0.279,-
994,STLRVTsRFQL,0.56,0.698,0.056,0.438,-
1000,SRFQLPsGGLS,0.134,0.027,-0.997,-0.279,-
1004,LPSGGLsSIRL,0.034,-0.311,-1.502,-0.593,-
1005,PSGGLSsIRLH,0.034,-0.427,-1.683,-0.692,-
1017,GRLWCCtGNSI,0.57,0.24,-0.062,0.249,-
1020,WCCTGNsIVVV,0.172,-0.064,-1.267,-0.387,-
1025,NSIVVVsVNGF,0.206,-0.117,-0.701,-0.204,-
1044,ENLGGIsTSFL,0.032,-0.331,-1.41,-0.569,-
1045,NLGGIStSFLG,0.121,-0.037,-0.766,-0.228,-
1046,LGGISTsFLGF,0.197,0.127,-0.325,-0.0,-
1073,DDIYIWsLKDL,0.395,0.061,-0.2,0.085,-
1080,LKDLAAsPERV,0.212,-0.263,-1.233,-0.428,-
1090,VPLQDCsEINC,0.178,-0.09,-1.087,-0.333,-
1107,QIWVGGtGLSQ,0.017,-0.222,-1.944,-0.716,-
1110,VGGTGLsQGKS,0.039,-0.313,-1.712,-0.662,-
1114,GLSQGKsKGKI,0.544,0.15,0.151,0.282,-
1127,IDVERKtVEKE,0.179,-0.004,-0.75,-0.192,-
1136,KELVAHtDTVK,0.333,0.084,-0.825,-0.136,-
1138,LVAHTDtVKTL,0.088,-0.107,-0.92,-0.313,-
1141,HTDTVKtLCSA,0.238,-0.064,-0.624,-0.15,-
1144,TVKTLCsAEDR,0.275,0.023,-0.88,-0.194,-
1152,EDRYVLsGSGR,0.1,-0.064,-0.866,-0.277,-
1154,RYVLSGsGREE,0.323,0.058,-0.63,-0.083,-
